/** asset Data **/

INSERT INTO public.asset_detail(id, about, asset_class, logo_url, managing_director, name, organization)
VALUES ('51381618-1bc9-4c19-aab9-44994433b181', 'about', 'STOCK', 'logo_url', 'nemish',
        'China Petroleum & Chemical Corp. (SNP)', 'org1');

INSERT INTO public.asset_detail(id, about, asset_class, logo_url, managing_director, name, organization)
VALUES ('51381618-1bc9-4c19-aab9-44994433b182', 'about', 'STOCK', 'logo_url', 'harsh', 'Royal Dutch Shell PLC (RDS. A)',
        'org2');

INSERT INTO public.asset_detail(id, about, asset_class, logo_url, managing_director, name, organization)
VALUES ('51381618-1bc9-4c19-aab9-44994433b183', 'about', 'STOCK', 'logo_url', 'harsh', 'Bharat Sanchar Nigam Limited',
        'org3');

INSERT INTO public.asset_detail(id, about, asset_class, logo_url, managing_director, name, organization)
VALUES ('51381618-1bc9-4c19-aab9-44994433b184', 'about', 'STOCK', 'logo_url', 'Mohit',
        'Berkshire Hathaway Inc. (BRK.A)', 'org4');

INSERT INTO public.asset_detail(id, about, asset_class, logo_url, managing_director, name, organization)
VALUES ('51381618-1bc9-4c19-aab9-44994433b185', 'about', 'MUTUAL_FUND', 'logo_url', 'devesh', 'Toyota Motor Corp. (TM)',
        'org5');

INSERT INTO public.asset_detail(id, about, asset_class, logo_url, managing_director, name, organization)
VALUES ('51381618-1bc9-4c19-aab9-44994433b186', 'about', 'MUTUAL_FUND', 'logo_url', 'Mohit',
        'Oil and Natural Gas Corporation', 'org6');

INSERT INTO public.asset_detail(id, about, asset_class, logo_url, managing_director, name, organization)
VALUES ('51381618-1bc9-4c19-aab9-44994433b187', 'about', 'MUTUAL_FUND', 'logo_url', 'devesh', 'CVS Health Corp. (CVS)',
        'org7');

INSERT INTO public.asset_detail(id, about, asset_class, logo_url, managing_director, name, organization)
VALUES ('51381618-1bc9-4c19-aab9-44994433b188', 'about', 'MUTUAL_FUND', 'logo_url', 'Mohit', 'Bonn Group of Industries',
        'org8');

INSERT INTO public.asset_detail(id, about, asset_class, logo_url, managing_director, name, organization)
VALUES ('51381618-1bc9-4c19-aab9-44994433b189', 'about', 'MUTUAL_FUND', 'logo_url', 'Mohit',
        'Cathay Pacific Airways Ltd. (CPA)', 'org8');

INSERT INTO public.asset_detail(id, about, asset_class, logo_url, managing_director, name, organization)
VALUES ('51381618-1bc9-4c19-aab9-44994433b190', 'about', 'MUTUAL_FUND', 'logo_url', 'Mohit',
        'LOCUS INTERNATIONAL CENTRE FOR ENTREPRENEURSHIP DEVELOPMENT AND INCUBATION SERVICES LIMITED', 'org8');

INSERT INTO public.asset_detail(id, about, asset_class, logo_url, managing_director, name, organization)
VALUES ('51381618-1bc9-4c19-aab9-44994433b191', 'about', 'MUTUAL_FUND', 'logo_url', 'Mohit', 'British Airways', 'org8');

INSERT INTO public.asset_detail(id, about, asset_class, logo_url, managing_director, name, organization)
VALUES ('51381618-1bc9-4c19-aab9-44994433b192', 'about', 'MUTUAL_FUND', 'logo_url', 'Mohit',
        'Indian Private Corporation', 'org8');

INSERT INTO public.asset_detail(id, about, asset_class, logo_url, managing_director, name, organization)
VALUES ('51381618-1bc9-4c19-aab9-44994433b193', 'about', 'MUTUAL_FUND', 'logo_url', 'Mohit', 'Bharat Oil Fund Risers',
        'org8');

INSERT INTO public.asset_detail(id, about, asset_class, logo_url, managing_director, name, organization)
VALUES ('51381618-1bc9-4c19-aab9-44994433b194', 'about', 'MUTUAL_FUND', 'logo_url', 'Mohit',
        'Gujarat Solid Corporation', 'org8');

INSERT INTO public.asset_detail(id, about, asset_class, logo_url, managing_director, name, organization)
VALUES ('51381618-1bc9-4c19-aab9-44994433b195', 'about', 'MUTUAL_FUND', 'logo_url', 'Mohit',
        'Pirimid Software TechGiant', 'org8');

INSERT INTO public.asset_detail(id, about, asset_class, logo_url, managing_director, name, organization)
VALUES ('51381618-1bc9-4c19-aab9-44994433b196', 'about', 'MUTUAL_FUND', 'logo_url', 'Mohit', 'Aoba Chorasi Technology',
        'org8');

INSERT INTO public.asset_detail(id, about, asset_class, logo_url, managing_director, name, organization)
VALUES ('51381618-1bc9-4c19-aab9-44994433b197', 'about', 'MUTUAL_FUND', 'logo_url', 'Mohit', 'Motorola Tech Pharma',
        'org8');

INSERT INTO public.asset_detail(id, about, asset_class, logo_url, managing_director, name, organization)
VALUES ('51381618-1bc9-4c19-aab9-44994433b198', 'about', 'MUTUAL_FUND', 'logo_url', 'Mohit',
        'Sivaji Private Corporations', 'org8');

INSERT INTO public.asset_detail(id, about, asset_class, logo_url, managing_director, name, organization)
VALUES ('51381618-1bc9-4c19-aab9-44994433b199', 'about', 'MUTUAL_FUND', 'logo_url', 'Mohit',
        'Nadani Private Organization', 'org8');

INSERT INTO public.asset_detail(id, about, asset_class, logo_url, managing_director, name, organization)
VALUES ('51381618-1bc9-4c19-aab9-44994433b200', 'about', 'MUTUAL_FUND', 'logo_url', 'Mohit',
        'World Wide Private Library Fund Raiser', 'org8');

/** Stock Data **/

INSERT INTO public.stock_detail(id, managing_director, year_founded, asset_detail_id)
VALUES ('2ffedff5-70c5-45cd-9c35-b36c25d77361', 'dirij', '2019-01-21T05:47:08.644',
        '51381618-1bc9-4c19-aab9-44994433b181');

INSERT INTO public.stock_detail(id, managing_director, year_founded, asset_detail_id)
VALUES ('2ffedff5-70c5-45cd-9c35-b36c25d77362', 'nemish', '2020-01-21T05:47:08.644',
        '51381618-1bc9-4c19-aab9-44994433b182');

INSERT INTO public.stock_detail(id, managing_director, year_founded, asset_detail_id)
VALUES ('2ffedff5-70c5-45cd-9c35-b36c25d77363', 'Darshan', '2020-01-21T05:47:08.644',
        '51381618-1bc9-4c19-aab9-44994433b183');

INSERT INTO public.stock_detail(id, managing_director, year_founded, asset_detail_id)
VALUES ('2ffedff5-70c5-45cd-9c35-b36c25d77364', 'Harsh', '2020-01-21T05:47:08.644',
        '51381618-1bc9-4c19-aab9-44994433b184');


/** Stock Statistic Data **/

INSERT INTO public.stock_statistic(book_value, div_yield, earning_per_sharettm, industrype, market_cap,
                                   number_of_stack_holders, pb_ratio, pe_ratio, return_on_equity, stock_detail_id)
VALUES (1.1, 2.2, 3.3, 4.4, 1000.1, 5, 0.5, 1.5, 50.4, '2ffedff5-70c5-45cd-9c35-b36c25d77361');


INSERT INTO public.stock_statistic(book_value, div_yield, earning_per_sharettm, industrype, market_cap,
                                   number_of_stack_holders, pb_ratio, pe_ratio, return_on_equity, stock_detail_id)
VALUES (1.1, 2.2, 3.3, 4.4, 1000.1, 5, 0.5, 1.5, 50.4, '2ffedff5-70c5-45cd-9c35-b36c25d77362');


INSERT INTO public.stock_statistic(book_value, div_yield, earning_per_sharettm, industrype, market_cap,
                                   number_of_stack_holders, pb_ratio, pe_ratio, return_on_equity, stock_detail_id)
VALUES (1.1, 2.2, 3.3, 4.4, 1000.1, 5, 0.5, 1.5, 50.4, '2ffedff5-70c5-45cd-9c35-b36c25d77363');

INSERT INTO public.stock_statistic(book_value, div_yield, earning_per_sharettm, industrype, market_cap,
                                   number_of_stack_holders, pb_ratio, pe_ratio, return_on_equity, stock_detail_id)
VALUES (1.1, 2.2, 3.3, 4.4, 1000.1, 5, 0.5, 1.5, 50.4, '2ffedff5-70c5-45cd-9c35-b36c25d77364');


/** Mutual fund details **/

INSERT INTO public.mutual_fund_detail(id, fund_manager, launch_date, asset_detail_id)
VALUES ('51381618-1bc9-4c19-aab9-000000000001', 'Harsh', '2020-01-21T05:47:08.644',
        '51381618-1bc9-4c19-aab9-44994433b185');

INSERT INTO public.mutual_fund_detail(id, fund_manager, launch_date, asset_detail_id)
VALUES ('51381618-1bc9-4c19-aab9-000000000002', 'Mohit', '2020-01-21T05:47:08.644',
        '51381618-1bc9-4c19-aab9-44994433b186');

INSERT INTO public.mutual_fund_detail(id, fund_manager, launch_date, asset_detail_id)
VALUES ('51381618-1bc9-4c19-aab9-000000000003', 'Nemish', '2020-01-21T05:47:08.644',
        '51381618-1bc9-4c19-aab9-44994433b187');

INSERT INTO public.mutual_fund_detail(id, fund_manager, launch_date, asset_detail_id)
VALUES ('51381618-1bc9-4c19-aab9-000000000004', 'Mohit', '2020-01-21T05:47:08.644',
        '51381618-1bc9-4c19-aab9-44994433b188');

INSERT INTO public.mutual_fund_detail(id, fund_manager, launch_date, asset_detail_id)
VALUES ('51381618-1bc9-4c19-aab9-000000000005', 'Mohit', '2020-01-21T05:47:08.644',
        '51381618-1bc9-4c19-aab9-44994433b189');

INSERT INTO public.mutual_fund_detail(id, fund_manager, launch_date, asset_detail_id)
VALUES ('51381618-1bc9-4c19-aab9-000000000006', 'Mohit', '2020-01-21T05:47:08.644',
        '51381618-1bc9-4c19-aab9-44994433b190');

INSERT INTO public.mutual_fund_detail(id, fund_manager, launch_date, asset_detail_id)
VALUES ('51381618-1bc9-4c19-aab9-000000000007', 'Mohit', '2020-01-21T05:47:08.644',
        '51381618-1bc9-4c19-aab9-44994433b191');

INSERT INTO public.mutual_fund_detail(id, fund_manager, launch_date, asset_detail_id)
VALUES ('51381618-1bc9-4c19-aab9-000000000008', 'Mohit', '2020-01-21T05:47:08.644',
        '51381618-1bc9-4c19-aab9-44994433b192');

INSERT INTO public.mutual_fund_detail(id, fund_manager, launch_date, asset_detail_id)
VALUES ('51381618-1bc9-4c19-aab9-000000000009', 'Mohit', '2020-01-21T05:47:08.644',
        '51381618-1bc9-4c19-aab9-44994433b193');

INSERT INTO public.mutual_fund_detail(id, fund_manager, launch_date, asset_detail_id)
VALUES ('51381618-1bc9-4c19-aab9-000000000010', 'Mohit', '2020-01-21T05:47:08.644',
        '51381618-1bc9-4c19-aab9-44994433b194');

INSERT INTO public.mutual_fund_detail(id, fund_manager, launch_date, asset_detail_id)
VALUES ('51381618-1bc9-4c19-aab9-000000000011', 'Mohit', '2020-01-21T05:47:08.644',
        '51381618-1bc9-4c19-aab9-44994433b195');

INSERT INTO public.mutual_fund_detail(id, fund_manager, launch_date, asset_detail_id)
VALUES ('51381618-1bc9-4c19-aab9-000000000012', 'Mohit', '2020-01-21T05:47:08.644',
        '51381618-1bc9-4c19-aab9-44994433b196');

INSERT INTO public.mutual_fund_detail(id, fund_manager, launch_date, asset_detail_id)
VALUES ('51381618-1bc9-4c19-aab9-000000000013', 'Mohit', '2020-01-21T05:47:08.644',
        '51381618-1bc9-4c19-aab9-44994433b197');

INSERT INTO public.mutual_fund_detail(id, fund_manager, launch_date, asset_detail_id)
VALUES ('51381618-1bc9-4c19-aab9-000000000014', 'Mohit', '2020-01-21T05:47:08.644',
        '51381618-1bc9-4c19-aab9-44994433b198');

INSERT INTO public.mutual_fund_detail(id, fund_manager, launch_date, asset_detail_id)
VALUES ('51381618-1bc9-4c19-aab9-000000000015', 'Mohit', '2020-01-21T05:47:08.644',
        '51381618-1bc9-4c19-aab9-44994433b199');

INSERT INTO public.mutual_fund_detail(id, fund_manager, launch_date, asset_detail_id)
VALUES ('51381618-1bc9-4c19-aab9-000000000016', 'Mohit', '2020-01-21T05:47:08.644',
        '51381618-1bc9-4c19-aab9-44994433b200');
/** Mutual Fund Statistics **/

INSERT INTO public.mutual_fund_statistic(expense_ratio, fund_size, fund_started, minsip, nav, risk, sip_allowed,
                                         mutual_fund_detail_id)
VALUES (0.0, 10, '2020-01-21T05:47:08.644', 100, 50, 'Low', true, '51381618-1bc9-4c19-aab9-000000000001');

INSERT INTO public.mutual_fund_statistic(expense_ratio, fund_size, fund_started, minsip, nav, risk, sip_allowed,
                                         mutual_fund_detail_id)
VALUES (0.0, 10, '2020-01-21T05:47:08.644', 100, 50, 'High', true, '51381618-1bc9-4c19-aab9-000000000002');

INSERT INTO public.mutual_fund_statistic(expense_ratio, fund_size, fund_started, minsip, nav, risk, sip_allowed,
                                         mutual_fund_detail_id)
VALUES (0.0, 10, '2020-01-21T05:47:08.644', 100, 50, 'High', true, '51381618-1bc9-4c19-aab9-000000000003');

INSERT INTO public.mutual_fund_statistic(expense_ratio, fund_size, fund_started, minsip, nav, risk, sip_allowed,
                                         mutual_fund_detail_id)
VALUES (0.0, 10, '2020-01-21T05:47:08.644', 100, 50, 'Low', true, '51381618-1bc9-4c19-aab9-000000000004');

INSERT INTO public.mutual_fund_statistic(expense_ratio, fund_size, fund_started, minsip, nav, risk, sip_allowed,
                                         mutual_fund_detail_id)
VALUES (0.0, 10, '2020-01-21T05:47:08.644', 100, 50, 'Low', true, '51381618-1bc9-4c19-aab9-000000000005');

INSERT INTO public.mutual_fund_statistic(expense_ratio, fund_size, fund_started, minsip, nav, risk, sip_allowed,
                                         mutual_fund_detail_id)
VALUES (0.0, 10, '2020-01-21T05:47:08.644', 100, 50, 'High', true, '51381618-1bc9-4c19-aab9-000000000006');

INSERT INTO public.mutual_fund_statistic(expense_ratio, fund_size, fund_started, minsip, nav, risk, sip_allowed,
                                         mutual_fund_detail_id)
VALUES (0.0, 10, '2020-01-21T05:47:08.644', 100, 50, 'High', true, '51381618-1bc9-4c19-aab9-000000000007');

INSERT INTO public.mutual_fund_statistic(expense_ratio, fund_size, fund_started, minsip, nav, risk, sip_allowed,
                                         mutual_fund_detail_id)
VALUES (0.0, 10, '2020-01-21T05:47:08.644', 100, 50, 'Low', true, '51381618-1bc9-4c19-aab9-000000000008');

INSERT INTO public.mutual_fund_statistic(expense_ratio, fund_size, fund_started, minsip, nav, risk, sip_allowed,
                                         mutual_fund_detail_id)
VALUES (0.0, 10, '2020-01-21T05:47:08.644', 100, 50, 'Low', true, '51381618-1bc9-4c19-aab9-000000000009');

INSERT INTO public.mutual_fund_statistic(expense_ratio, fund_size, fund_started, minsip, nav, risk, sip_allowed,
                                         mutual_fund_detail_id)
VALUES (0.0, 10, '2020-01-21T05:47:08.644', 100, 50, 'High', true, '51381618-1bc9-4c19-aab9-000000000010');

INSERT INTO public.mutual_fund_statistic(expense_ratio, fund_size, fund_started, minsip, nav, risk, sip_allowed,
                                         mutual_fund_detail_id)
VALUES (0.0, 10, '2020-01-21T05:47:08.644', 100, 50, 'High', true, '51381618-1bc9-4c19-aab9-000000000011');

INSERT INTO public.mutual_fund_statistic(expense_ratio, fund_size, fund_started, minsip, nav, risk, sip_allowed,
                                         mutual_fund_detail_id)
VALUES (0.0, 10, '2020-01-21T05:47:08.644', 100, 50, 'Low', true, '51381618-1bc9-4c19-aab9-000000000012');

INSERT INTO public.mutual_fund_statistic(expense_ratio, fund_size, fund_started, minsip, nav, risk, sip_allowed,
                                         mutual_fund_detail_id)
VALUES (0.0, 10, '2020-01-21T05:47:08.644', 100, 50, 'Low', true, '51381618-1bc9-4c19-aab9-000000000013');

INSERT INTO public.mutual_fund_statistic(expense_ratio, fund_size, fund_started, minsip, nav, risk, sip_allowed,
                                         mutual_fund_detail_id)
VALUES (0.0, 10, '2020-01-21T05:47:08.644', 100, 50, 'High', true, '51381618-1bc9-4c19-aab9-000000000014');

INSERT INTO public.mutual_fund_statistic(expense_ratio, fund_size, fund_started, minsip, nav, risk, sip_allowed,
                                         mutual_fund_detail_id)
VALUES (0.0, 10, '2020-01-21T05:47:08.644', 100, 50, 'High', true, '51381618-1bc9-4c19-aab9-000000000015');

INSERT INTO public.mutual_fund_statistic(expense_ratio, fund_size, fund_started, minsip, nav, risk, sip_allowed,
                                         mutual_fund_detail_id)
VALUES (0.0, 10, '2020-01-21T05:47:08.644', 100, 50, 'Low', true, '51381618-1bc9-4c19-aab9-000000000016');

/** User Data **/

INSERT INTO public.user_detail(id,password, date_of_birth, dpurl, email, gender, mobile_no, pan_card, signature_url, name)
VALUES ('00000000-0000-0000-0000-000000000000','$2a$10$DIRw4Sbpj7Ofk9iQ/StnHeYBOZkFr0mdoqF0wIkhIQUdf.6p6Z3wG', '23/10/1999', 'dpUrl', 'dummy1@gmail.com', 'MALE', '9876543211',
        'panCardNumber', 'signatureUrl', 'XYZ');

INSERT INTO public.watchlist(id, user_id, name, description)
VALUES ('00000000-0000-0000-0000-000000000001', '00000000-0000-0000-0000-000000000000', 'Stock',
        'Stock Fortune Companies');
INSERT INTO public.watchlist(id, user_id, name, description)
VALUES ('00000000-0000-0000-0000-000000000002', '00000000-0000-0000-0000-000000000000', 'Mutual Fund',
        'MutualFunds Investment Companies');
INSERT INTO public.watchlist(id, user_id, name, description)
VALUES ('00000000-0000-0000-0000-000000000003', '00000000-0000-0000-0000-000000000000', 'Both',
        'Stock & MutualFunds Together');

INSERT INTO public.stock_price(id, price, stock_exchange, timestamp, stock_detail_id)
VALUES ('00000000-0000-0000-1000-000000000000', 100, 'BSE', '2020-01-21T05:47:08.644',
        '2ffedff5-70c5-45cd-9c35-b36c25d77361');

INSERT INTO public.mutual_fund_price(id, price, timestamp, mutual_fund_detail_id)
VALUES ('00000000-0000-0000-1100-000000000000', 100, 'Wed Mar 27 08:22:02 IST 2015',
        '51381618-1bc9-4c19-aab9-000000000001');


/** WatchlistEntry Data **/
INSERT INTO public.watchlist_entry(id, asset_detail_id, watchlist_id)
VALUES ('10000000-0000-0000-0000-000204200001', '51381618-1bc9-4c19-aab9-44994433b181',
        '00000000-0000-0000-0000-000000000001');

INSERT INTO public.watchlist_entry(id, asset_detail_id, watchlist_id)
VALUES ('10000000-0000-0000-0000-000204200002', '51381618-1bc9-4c19-aab9-44994433b182',
        '00000000-0000-0000-0000-000000000001');

INSERT INTO public.watchlist_entry(id, asset_detail_id, watchlist_id)
VALUES ('10000000-0000-0000-0000-000204200003', '51381618-1bc9-4c19-aab9-44994433b183',
        '00000000-0000-0000-0000-000000000001');

INSERT INTO public.watchlist_entry(id, asset_detail_id, watchlist_id)
VALUES ('10000000-0000-0000-0000-000204200004', '51381618-1bc9-4c19-aab9-44994433b184',
        '00000000-0000-0000-0000-000000000001');

INSERT INTO public.watchlist_entry(id, asset_detail_id, watchlist_id)
VALUES ('10000000-0000-0000-0000-000204200005', '51381618-1bc9-4c19-aab9-44994433b185',
        '00000000-0000-0000-0000-000000000001');

INSERT INTO public.watchlist_entry(id, asset_detail_id, watchlist_id)
VALUES ('10000000-0000-0000-0000-000204200006', '51381618-1bc9-4c19-aab9-44994433b186',
        '00000000-0000-0000-0000-000000000001');

INSERT INTO public.watchlist_entry(id, asset_detail_id, watchlist_id)
VALUES ('10000000-0000-0000-0000-000204200007', '51381618-1bc9-4c19-aab9-44994433b187',
        '00000000-0000-0000-0000-000000000001');

INSERT INTO public.watchlist_entry(id, asset_detail_id, watchlist_id)
VALUES ('10010000-0000-0000-0000-000204200008', '51381618-1bc9-4c19-aab9-44994433b188',
        '00000000-0000-0000-0000-000000000001');

INSERT INTO public.watchlist_entry(id, asset_detail_id, watchlist_id)
VALUES ('10020000-0000-0000-0000-000204200008', '51381618-1bc9-4c19-aab9-44994433b189',
        '00000000-0000-0000-0000-000000000001');

INSERT INTO public.watchlist_entry(id, asset_detail_id, watchlist_id)
VALUES ('10030000-0000-0000-0000-000204200008', '51381618-1bc9-4c19-aab9-44994433b190',
        '00000000-0000-0000-0000-000000000001');

INSERT INTO public.watchlist_entry(id, asset_detail_id, watchlist_id)
VALUES ('10040000-0000-0000-0000-000204200008', '51381618-1bc9-4c19-aab9-44994433b191',
        '00000000-0000-0000-0000-000000000001');

INSERT INTO public.watchlist_entry(id, asset_detail_id, watchlist_id)
VALUES ('10050000-0000-0000-0000-000204200008', '51381618-1bc9-4c19-aab9-44994433b192',
        '00000000-0000-0000-0000-000000000001');

INSERT INTO public.watchlist_entry(id, asset_detail_id, watchlist_id)
VALUES ('10060000-0000-0000-0010-000204200008', '51381618-1bc9-4c19-aab9-44994433b193',
        '00000000-0000-0000-0000-000000000001');

INSERT INTO public.watchlist_entry(id, asset_detail_id, watchlist_id)
VALUES ('10060010-0000-0000-0000-000204200008', '51381618-1bc9-4c19-aab9-44994433b197',
        '00000000-0000-0000-0000-000000000001');

INSERT INTO public.watchlist_entry(id, asset_detail_id, watchlist_id)
VALUES ('10060020-0000-0000-0000-000204200008', '51381618-1bc9-4c19-aab9-44994433b196',
        '00000000-0000-0000-0000-000000000001');

INSERT INTO public.watchlist_entry(id, asset_detail_id, watchlist_id)
VALUES ('10060030-0000-0000-0000-000204200008', '51381618-1bc9-4c19-aab9-44994433b195',
        '00000000-0000-0000-0000-000000000001');

INSERT INTO public.watchlist_entry(id, asset_detail_id, watchlist_id)
VALUES ('10060040-0000-0000-0000-000204200008', '51381618-1bc9-4c19-aab9-44994433b198',
        '00000000-0000-0000-0000-000000000001');

INSERT INTO public.watchlist_entry(id, asset_detail_id, watchlist_id)
VALUES ('10060050-0000-0000-0000-000204200008', '51381618-1bc9-4c19-aab9-44994433b199',
        '00000000-0000-0000-0000-000000000001');

INSERT INTO public.watchlist_entry(id, asset_detail_id, watchlist_id)
VALUES ('10060000-0600-0000-0000-000204200008', '51381618-1bc9-4c19-aab9-44994433b200',
        '00000000-0000-0000-0000-000000000001');

INSERT INTO public.watchlist_entry(id, asset_detail_id, watchlist_id)
VALUES ('10060000-0000-0000-0000-000204200008', '51381618-1bc9-4c19-aab9-44994433b194',
        '00000000-0000-0000-0000-000000000001');

INSERT INTO public.watchlist_entry(id, asset_detail_id, watchlist_id)
VALUES ('10070000-0000-0000-0000-000204200009', '51381618-1bc9-4c19-aab9-44994433b194',
        '00000000-0000-0000-0000-000000000002');

INSERT INTO public.watchlist_entry(id, asset_detail_id, watchlist_id)
VALUES ('10000000-0000-0000-0000-000204200016', '51381618-1bc9-4c19-aab9-44994433b186',
        '00000000-0000-0000-0000-000000000002');

INSERT INTO public.watchlist_entry(id, asset_detail_id, watchlist_id)
VALUES ('10000000-0000-0000-0000-000204200017', '51381618-1bc9-4c19-aab9-44994433b187',
        '00000000-0000-0000-0000-000000000002');

INSERT INTO public.watchlist_entry(id, asset_detail_id, watchlist_id)
VALUES ('10000000-0000-0000-0000-000214200018', '51381618-1bc9-4c19-aab9-44994433b188',
        '00000000-0000-0000-0000-000000000002');

INSERT INTO public.watchlist_entry(id, asset_detail_id, watchlist_id)
VALUES ('10000000-0000-0000-0000-000224200018', '51381618-1bc9-4c19-aab9-44994433b189',
        '00000000-0000-0000-0000-000000000002');

INSERT INTO public.watchlist_entry(id, asset_detail_id, watchlist_id)
VALUES ('10000000-0000-0000-0000-000234200018', '51381618-1bc9-4c19-aab9-44994433b190',
        '00000000-0000-0000-0000-000000000002');