/** asset Data **/

insert into public.asset_detail(id, about, asset_class, logo_url, managing_director, name, organization, ticker_symbol)
VALUES ('51381618-1bc9-4c19-aab9-44994433b181',
        'Adani Green Energy Limited is an India-based renewable energy company. The Company develops, builds, owns, operates and maintains utility-scale grid connected solar power, wind power, hybrid projects and solar parks. It owns a project portfolio of approximately 13,990 megawatts (MW).',
        'STOCK', 'logo_url', 'Gautam adani', 'Adani green Energy', 'org1','AGRN');

insert into public.asset_detail(id, about, asset_class, logo_url, managing_director, name, organization, ticker_symbol)
VALUES ('51381618-1bc9-4c19-aab9-44994433b182',
        'The Royal Dutch Shell plc is a company based in the Netherlands that explores for crude oil and natural gas around the world, both in conventional fields and from sources, such as tight rock, shale and coal formations. Its segments include Integrated Gas, Upstream, Downstream and Corporate.',
        'STOCK', 'logo_url', 'Ben van Beurden', 'Royal Dutch Shell PLC (RDS. A)', 'org2','RDSP');

insert into public.asset_detail(id, about, asset_class, logo_url, managing_director, name, organization, ticker_symbol)
VALUES ('51381618-1bc9-4c19-aab9-44994433b183',
        'Bharat Sanchar Nigam Limited d/b/a BSNL is an Indian government owned telecommunications company, headquartered in New Delhi, Delhi, India. It was incorporated by Department of Telecommunications, Ministry of Communications, Government of India on 1 October 2000.',
        'STOCK', 'logo_url', 'Pravin Kumar Purwar', 'Bharat Sanchar Nigam Limited', 'org3','BSNL');

insert into public.asset_detail(id, about, asset_class, logo_url, managing_director, name, organization, ticker_symbol)
VALUES ('51381618-1bc9-4c19-aab9-44994433b184',
        'Berkshire is manufacturing is largest source of earnings before taxes. Berkshire Hathaway Inc. (BRK. A; BRK.B) is a diversified holding company whose subsidiaries engage in insurance, freight rail transportation, energy generation and distribution, manufacturing, and retailing.',
        'STOCK', 'logo_url', 'Warren Buffett', 'Berkshire Hathaway Inc. (BRK.A)', 'org4','BHTWY');

insert into public.asset_detail(id, about, asset_class, logo_url, managing_director, name, organization, ticker_symbol)
VALUES ('51381618-1bc9-4c19-aab9-44994433b185',
        'TOYOTA MOTOR CORPORATION is a Japan-based company engaged in the automobile business, finance business and other businesses. The Automobile segment is engaged in the design, manufacture and sale of sedans, minivans, 2box, sports utility vehicles, trucks and related vehicles, as well as related parts and products.',
        'MUTUAL_FUND', 'logo_url', 'Akio Toyoda ', 'Toyota Motor Corp. (TM)', 'org5','TMTR');

insert into public.asset_detail(id, about, asset_class, logo_url, managing_director, name, organization, ticker_symbol)
VALUES ('51381618-1bc9-4c19-aab9-44994433b186',
        'Oil and Natural Gas Corporation is an Indian public sector multinational crude oil and gas company. Its registered office is in New Delhi. It is owned by the Government of India, under the administrative control of the Ministry of Petroleum and Natural Gas.',
        'MUTUAL_FUND', 'logo_url', 'Shashi Shanker', 'Oil and Natural Gas Corporation', 'org6','ONGC');

insert into public.asset_detail(id, about, asset_class, logo_url, managing_director, name, organization, ticker_symbol)
VALUES ('51381618-1bc9-4c19-aab9-44994433b187',
        'CVS Health is an American healthcare company that owns CVS Pharmacy, a retail pharmacy chain; CVS Caremark, a pharmacy benefits manager; Aetna, a health insurance provider, among many other brands. The company headquarters is in Woonsocket, Rhode Island',
        'MUTUAL_FUND', 'logo_url', 'Karen S. Lynch', 'CVS Health Corp. (CVS)', 'org7','CHLC');

insert into public.asset_detail(id, about, asset_class, logo_url, managing_director, name, organization, ticker_symbol)
VALUES ('51381618-1bc9-4c19-aab9-44994433b188',
        'Bonn group of Industries is food company based in Ludhiana Punjab, India. Founded in 1985, it produces a variety of food products including breads, biscuits, cakes and cookies. These products are sold in both Indian and International markets.',
        'MUTUAL_FUND', 'logo_url', 'Manjit Singh', 'Bonn Group of Industries', 'org8','BGRP');

insert into public.asset_detail(id, about, asset_class, logo_url, managing_director, name, organization, ticker_symbol)
VALUES ('51381618-1bc9-4c19-aab9-44994433b189',
        'Cathay Pacific Airways is Hong Kongs flag carrier, offering passenger and cargo services to around 200 cities in Asia, Europe, North America, Africa and Australia. It has a workforce of around 23,000. The company was established in 1946 by Roy Farrell, an American, and Sydney de Kantzow, an Australian.',
        'MUTUAL_FUND', 'logo_url', 'Augustus Tang Kin Wing', 'Cathay Pacific Airways Ltd. (CPA)', 'org8','CPAL');

insert into public.asset_detail(id, about, asset_class, logo_url, managing_director, name, organization, ticker_symbol)
VALUES ('51381618-1bc9-4c19-aab9-44994433b190',
        'Axis Bluechip Fund is an open-ended equity scheme, which predominantly invests in large-cap stocks. Investors who are looking for capital appreciation over time and portfolio diversification with equity and equity-related instruments of large-cap firms can choose this fund.',
        'MUTUAL_FUND', 'logo_url', 'Chandresh Kumar Nigam', 'Axis Bluechip', 'org8','AXBC');

insert into public.asset_detail(id, about, asset_class, logo_url, managing_director, name, organization, ticker_symbol)
VALUES ('51381618-1bc9-4c19-aab9-44994433b191',
        'British Airways is the flag carrier airline of the United Kingdom. It is headquartered in London, England, near its main hub at Heathrow Airport. The airline is the second largest UK based carrier, based on fleet size and passengers carried, behind easyJet.',
        'MUTUAL_FUND', 'logo_url', 'Sean Doyle', 'British Airways', 'org8','BRTA');

insert into public.asset_detail(id, about, asset_class, logo_url, managing_director, name, organization, ticker_symbol)
VALUES ('51381618-1bc9-4c19-aab9-44994433b192',
        'A Private Limited Company offers Limited Liability or Legal Protection for its Shareholders. A Private Limited Company lies between a partnership and widely owned public company. A Private Limited Company is identified by the company name, number of members, formation, directors, meetings, shares, etc.',
        'MUTUAL_FUND', 'logo_url', 'Schauna Chauhan', 'Indian Private Corporation', 'org8','IPRC');

insert into public.asset_detail(id, about, asset_class, logo_url, managing_director, name, organization, ticker_symbol)
VALUES ('51381618-1bc9-4c19-aab9-44994433b193',
        'Bharat Oil & Waste Management Ltd (BOWML) provides Complete Solutions in Waste Testing, Tracking and Management via its products and services since 1978. BOWML is committed to protecting mother-nature by providing safest Hazardous Waste Management Service, Electrical & Electronic Waste Management Service, Recycling/Re-refining Used Lube Oil, Laboratory Testing, Waste Management & Tracking Enterprise Software (WTS ®) and Technology Solutions.',
        'MUTUAL_FUND', 'logo_url', 'K Padmakar', 'Bharat Oil Fund Risers', 'org8','BOFR');

insert into public.asset_detail(id, about, asset_class, logo_url, managing_director, name, organization, ticker_symbol)
VALUES ('51381618-1bc9-4c19-aab9-44994433b194',
        'The Tata group has consistently contributed to nation building by creating enterprises that laid the foundation of India growth. ... Driven by this pioneering spirit, the Tata group has set up Tata Digital to build digital businesses that will address the needs of Indian consumers as well as businesses.',
        'MUTUAL_FUND', 'logo_url', 'Sailesh jain', 'Tata Digital India Fund', 'org8','TDIF');

insert into public.asset_detail(id, about, asset_class, logo_url, managing_director, name, organization, ticker_symbol)
VALUES ('51381618-1bc9-4c19-aab9-44994433b195',
        'Pirimid Fintech provides cutting edge software development services with highest quality, robust software systems and workflows. We have expertise in capital markets across various asset classes building execution',
        'MUTUAL_FUND', 'logo_url', 'Jon snow', 'Pirimid Software TechGiant', 'org8','PRST');

insert into public.asset_detail(id, about, asset_class, logo_url, managing_director, name, organization, ticker_symbol)
VALUES ('51381618-1bc9-4c19-aab9-44994433b196',
        'Motilal Oswal Financial Services Limited is an Indian diversified financial services firm offering a range of financial products and services. The company was founded by Motilal Oswal and Raamdeo Agarwal in 1987.',
        'MUTUAL_FUND', 'logo_url', 'Ashish Agarwal', 'Motilal Oswal Nasdaq ', 'org8','MTON');

insert into public.asset_detail(id, about, asset_class, logo_url, managing_director, name, organization, ticker_symbol)
VALUES ('51381618-1bc9-4c19-aab9-44994433b197',
        'Franklin U.S. Opportunities Fund aims to invest in leading growth companies across industries and market-capitalizations,This fund gives Indian investors an opportunity to invest in US companies through Franklin U.S. Opportunities Fund',
        'MUTUAL_FUND', 'logo_url', 'Pyari Menon', 'Franklin India Feeder', 'org8','FRNK');

insert into public.asset_detail(id, about, asset_class, logo_url, managing_director, name, organization, ticker_symbol)
VALUES ('51381618-1bc9-4c19-aab9-44994433b198',
        'The investment objective of the scheme is to seek long term capital appreciation by investing at least 80% of its net assets in equity/equity related instruments of companies in the Information Technology (IT) sector in Indiaviz: Software.',
        'MUTUAL_FUND', 'logo_url', 'Pratik Pal', 'Tata digital india', 'org8','TTDI');

insert into public.asset_detail(id, about, asset_class, logo_url, managing_director, name, organization, ticker_symbol)
VALUES ('51381618-1bc9-4c19-aab9-44994433b199',
        'The scheme seeks to generate capital appreciation by investing predominantly in units of Mirae Asset China Sector Leader Equity Fund and/or units of other mutual fund schemes, units of exchange traded schemes that focus on investing in.',
        'MUTUAL_FUND', 'logo_url', 'Ragnar Lothbrok', 'Mirae asset China Advantage', 'org8','MCHNA');

insert into public.asset_detail(id, about, asset_class, logo_url, managing_director, name, organization, ticker_symbol)
VALUES ('51381618-1bc9-4c19-aab9-44994433b200',
        'Baroda Large & Mid Cap Fund Direct Growth is a Equity mutual fund scheme launched by. Baroda Large & Mid Cap Fund Direct Growth is rated very high risk. Min sip investmetn is set to 500',
        'MUTUAL_FUND', 'logo_url', 'Sanjay Chawla', 'Baroda Large & Mid Cap Fund Direct Growth', 'org8','BLMC');

/** Stock Data **/

insert into public.stock_detail(id, managing_director, year_founded, asset_detail_id)
VALUES ('2ffedff5-70c5-45cd-9c35-b36c25d77361', 'Gautam adani', '2019-01-21T05:47:08.644',
        '51381618-1bc9-4c19-aab9-44994433b181');

insert into public.stock_detail(id, managing_director, year_founded, asset_detail_id)
VALUES ('2ffedff5-70c5-45cd-9c35-b36c25d77362', 'Ben van Beurden', '2020-01-21T05:47:08.644',
        '51381618-1bc9-4c19-aab9-44994433b182');

insert into public.stock_detail(id, managing_director, year_founded, asset_detail_id)
VALUES ('2ffedff5-70c5-45cd-9c35-b36c25d77363', 'Pravin Kumar Purwar', '2020-01-21T05:47:08.644',
        '51381618-1bc9-4c19-aab9-44994433b183');

insert into public.stock_detail(id, managing_director, year_founded, asset_detail_id)
VALUES ('2ffedff5-70c5-45cd-9c35-b36c25d77364', 'Warren Buffett', '2020-01-21T05:47:08.644',
        '51381618-1bc9-4c19-aab9-44994433b184');


/** Stock Statistic Data **/

INSERT INTO public.stock_statistic(book_value, div_yield, earning_per_sharettm, industrype, market_cap,
                                   number_of_stack_holders, pb_ratio, pe_ratio, return_on_equity, stock_detail_id)
VALUES (1.1, 2.2, 3.3, 4.4, 600.1, 5, 0.5, 1.5, 50.4, '2ffedff5-70c5-45cd-9c35-b36c25d77361');


INSERT INTO public.stock_statistic(book_value, div_yield, earning_per_sharettm, industrype, market_cap,
                                   number_of_stack_holders, pb_ratio, pe_ratio, return_on_equity, stock_detail_id)
VALUES (1.1, 2.2, 3.3, 4.4, 1000.1, 5, 0.5, 1.5, 50.4, '2ffedff5-70c5-45cd-9c35-b36c25d77362');


INSERT INTO public.stock_statistic(book_value, div_yield, earning_per_sharettm, industrype, market_cap,
                                   number_of_stack_holders, pb_ratio, pe_ratio, return_on_equity, stock_detail_id)
VALUES (1.1, 2.2, 3.3, 4.4, 400.12, 5, 0.5, 1.5, 50.4, '2ffedff5-70c5-45cd-9c35-b36c25d77363');

INSERT INTO public.stock_statistic(book_value, div_yield, earning_per_sharettm, industrype, market_cap,
                                   number_of_stack_holders, pb_ratio, pe_ratio, return_on_equity, stock_detail_id)
VALUES (1.1, 2.2, 3.3, 4.4, 800.45, 5, 0.5, 1.5, 50.4, '2ffedff5-70c5-45cd-9c35-b36c25d77364');


/** Mutual fund details **/

insert into public.mutual_fund_detail(id, fund_manager, launch_date, asset_detail_id)
VALUES ('51381618-1bc9-4c19-aab9-000000000001', 'Akio Toyoda', '2020-01-21T05:47:08.644',
        '51381618-1bc9-4c19-aab9-44994433b185');

insert into public.mutual_fund_detail(id, fund_manager, launch_date, asset_detail_id)
VALUES ('51381618-1bc9-4c19-aab9-000000000002', 'Shashi Sanker', '2020-01-21T05:47:08.644',
        '51381618-1bc9-4c19-aab9-44994433b186');

insert into public.mutual_fund_detail(id, fund_manager, launch_date, asset_detail_id)
VALUES ('51381618-1bc9-4c19-aab9-000000000003', 'Karen S. Lynch', '2020-01-21T05:47:08.644',
        '51381618-1bc9-4c19-aab9-44994433b187');

insert into public.mutual_fund_detail(id, fund_manager, launch_date, asset_detail_id)
VALUES ('51381618-1bc9-4c19-aab9-000000000004', 'Manjit singh', '2020-01-21T05:47:08.644',
        '51381618-1bc9-4c19-aab9-44994433b188');

insert into public.mutual_fund_detail(id, fund_manager, launch_date, asset_detail_id)
VALUES ('51381618-1bc9-4c19-aab9-000000000005', 'Augustus Tang Kin Wing', '2020-01-21T05:47:08.644',
        '51381618-1bc9-4c19-aab9-44994433b189');

insert into public.mutual_fund_detail(id, fund_manager, launch_date, asset_detail_id)
VALUES ('51381618-1bc9-4c19-aab9-000000000006', 'Chandresh Kumar Nigam', '2020-01-21T05:47:08.644',
        '51381618-1bc9-4c19-aab9-44994433b190');

insert into public.mutual_fund_detail(id, fund_manager, launch_date, asset_detail_id)
VALUES ('51381618-1bc9-4c19-aab9-000000000007', 'Sean Doyle', '2020-01-21T05:47:08.644',
        '51381618-1bc9-4c19-aab9-44994433b191');

insert into public.mutual_fund_detail(id, fund_manager, launch_date, asset_detail_id)
VALUES ('51381618-1bc9-4c19-aab9-000000000008', 'Schauna Chauhan', '2020-01-21T05:47:08.644',
        '51381618-1bc9-4c19-aab9-44994433b192');

insert into public.mutual_fund_detail(id, fund_manager, launch_date, asset_detail_id)
VALUES ('51381618-1bc9-4c19-aab9-000000000009', 'K padamkar', '2020-01-21T05:47:08.644',
        '51381618-1bc9-4c19-aab9-44994433b193');

insert into public.mutual_fund_detail(id, fund_manager, launch_date, asset_detail_id)
VALUES ('51381618-1bc9-4c19-aab9-000000000010', 'Sailesh jain', '2020-01-21T05:47:08.644',
        '51381618-1bc9-4c19-aab9-44994433b194');

insert into public.mutual_fund_detail(id, fund_manager, launch_date, asset_detail_id)
VALUES ('51381618-1bc9-4c19-aab9-000000000011', 'Jon Snow', '2020-01-21T05:47:08.644',
        '51381618-1bc9-4c19-aab9-44994433b195');

insert into public.mutual_fund_detail(id, fund_manager, launch_date, asset_detail_id)
VALUES ('51381618-1bc9-4c19-aab9-000000000012', 'Ashish Agarwal', '2020-01-21T05:47:08.644',
        '51381618-1bc9-4c19-aab9-44994433b196');

insert into public.mutual_fund_detail(id, fund_manager, launch_date, asset_detail_id)
VALUES ('51381618-1bc9-4c19-aab9-000000000013', 'Pyari Menon', '2020-01-21T05:47:08.644',
        '51381618-1bc9-4c19-aab9-44994433b197');

insert into public.mutual_fund_detail(id, fund_manager, launch_date, asset_detail_id)
VALUES ('51381618-1bc9-4c19-aab9-000000000014', 'Pratik Pal', '2020-01-21T05:47:08.644',
        '51381618-1bc9-4c19-aab9-44994433b198');

insert into public.mutual_fund_detail(id, fund_manager, launch_date, asset_detail_id)
VALUES ('51381618-1bc9-4c19-aab9-000000000015', 'Ragnar Lothbrok', '2020-01-21T05:47:08.644',
        '51381618-1bc9-4c19-aab9-44994433b199');

insert into public.mutual_fund_detail(id, fund_manager, launch_date, asset_detail_id)
VALUES ('51381618-1bc9-4c19-aab9-000000000016', 'Sanjay Chawla', '2020-01-21T05:47:08.644',
        '51381618-1bc9-4c19-aab9-44994433b200');
/** Mutual Fund Statistics **/

INSERT INTO public.mutual_fund_statistic(expense_ratio, fund_size, fund_started, minsip, nav, risk, sip_allowed,
                                         mutual_fund_detail_id)
VALUES (0.0, 14, '2020-01-21T05:47:08.644', 10, 25, 'Low', true, '51381618-1bc9-4c19-aab9-000000000001');

INSERT INTO public.mutual_fund_statistic(expense_ratio, fund_size, fund_started, minsip, nav, risk, sip_allowed,
                                         mutual_fund_detail_id)
VALUES (0.0, 12, '2020-01-21T05:47:08.644', 50, 40, 'High', true, '51381618-1bc9-4c19-aab9-000000000002');

INSERT INTO public.mutual_fund_statistic(expense_ratio, fund_size, fund_started, minsip, nav, risk, sip_allowed,
                                         mutual_fund_detail_id)
VALUES (0.0, 85, '2020-01-21T05:47:08.644', 22, 18, 'High', true, '51381618-1bc9-4c19-aab9-000000000003');

INSERT INTO public.mutual_fund_statistic(expense_ratio, fund_size, fund_started, minsip, nav, risk, sip_allowed,
                                         mutual_fund_detail_id)
VALUES (0.0, 54, '2020-01-21T05:47:08.644', 225, 500, 'Low', true, '51381618-1bc9-4c19-aab9-000000000004');

INSERT INTO public.mutual_fund_statistic(expense_ratio, fund_size, fund_started, minsip, nav, risk, sip_allowed,
                                         mutual_fund_detail_id)
VALUES (0.0, 59, '2020-01-21T05:47:08.644', 17, 37, 'Low', true, '51381618-1bc9-4c19-aab9-000000000005');

INSERT INTO public.mutual_fund_statistic(expense_ratio, fund_size, fund_started, minsip, nav, risk, sip_allowed,
                                         mutual_fund_detail_id)
VALUES (0.0, 34, '2020-01-21T05:47:08.644', 65, 95, 'High', true, '51381618-1bc9-4c19-aab9-000000000006');

INSERT INTO public.mutual_fund_statistic(expense_ratio, fund_size, fund_started, minsip, nav, risk, sip_allowed,
                                         mutual_fund_detail_id)
VALUES (0.0, 61, '2020-01-21T05:47:08.644', 69, 67, 'High', true, '51381618-1bc9-4c19-aab9-000000000007');

INSERT INTO public.mutual_fund_statistic(expense_ratio, fund_size, fund_started, minsip, nav, risk, sip_allowed,
                                         mutual_fund_detail_id)
VALUES (0.0, 72, '2020-01-21T05:47:08.644', 83, 112, 'Low', true, '51381618-1bc9-4c19-aab9-000000000008');

INSERT INTO public.mutual_fund_statistic(expense_ratio, fund_size, fund_started, minsip, nav, risk, sip_allowed,
                                         mutual_fund_detail_id)
VALUES (0.0, 44, '2020-01-21T05:47:08.644', 34, 73, 'Low', true, '51381618-1bc9-4c19-aab9-000000000009');

INSERT INTO public.mutual_fund_statistic(expense_ratio, fund_size, fund_started, minsip, nav, risk, sip_allowed,
                                         mutual_fund_detail_id)
VALUES (0.0, 29, '2020-01-21T05:47:08.644', 61, 41, 'High', true, '51381618-1bc9-4c19-aab9-000000000010');

INSERT INTO public.mutual_fund_statistic(expense_ratio, fund_size, fund_started, minsip, nav, risk, sip_allowed,
                                         mutual_fund_detail_id)
VALUES (0.0, 79, '2020-01-21T05:47:08.644', 17, 31, 'High', true, '51381618-1bc9-4c19-aab9-000000000011');

INSERT INTO public.mutual_fund_statistic(expense_ratio, fund_size, fund_started, minsip, nav, risk, sip_allowed,
                                         mutual_fund_detail_id)
VALUES (0.0, 111, '2020-01-21T05:47:08.644', 38, 19, 'Low', true, '51381618-1bc9-4c19-aab9-000000000012');

INSERT INTO public.mutual_fund_statistic(expense_ratio, fund_size, fund_started, minsip, nav, risk, sip_allowed,
                                         mutual_fund_detail_id)
VALUES (0.0, 100, '2020-01-21T05:47:08.644', 109, 69, 'Low', true, '51381618-1bc9-4c19-aab9-000000000013');

INSERT INTO public.mutual_fund_statistic(expense_ratio, fund_size, fund_started, minsip, nav, risk, sip_allowed,
                                         mutual_fund_detail_id)
VALUES (0.0, 85, '2020-01-21T05:47:08.644', 164, 21, 'High', true, '51381618-1bc9-4c19-aab9-000000000014');

INSERT INTO public.mutual_fund_statistic(expense_ratio, fund_size, fund_started, minsip, nav, risk, sip_allowed,
                                         mutual_fund_detail_id)
VALUES (0.0, 65, '2020-01-21T05:47:08.644', 324, 68, 'High', true, '51381618-1bc9-4c19-aab9-000000000015');

INSERT INTO public.mutual_fund_statistic(expense_ratio, fund_size, fund_started, minsip, nav, risk, sip_allowed,
                                         mutual_fund_detail_id)
VALUES (0.0, 95, '2020-01-21T05:47:08.644', 46, 38, 'Low', true, '51381618-1bc9-4c19-aab9-000000000016');

/** User Data **/
INSERT INTO public.user_detail(id, first_name, last_name, password, date_of_birth, dpurl, email, gender, mobile_no,
                               pan_card, is_kyc_verified, signature_url)
VALUES ('00000000-0000-0000-0000-000000000000', 'John', 'Doe',
        '$2a$10$DIRw4Sbpj7Ofk9iQ/StnHeYBOZkFr0mdoqF0wIkhIQUdf.6p6Z3wG', '1999-10-23', 'dpUrl', 'dummy1@gmail.com',
        'MALE', '9876543211',
        'panCardNumber', false, 'signatureUrl');

INSERT INTO public.watchlist(id, user_id, name, description)
VALUES ('00000000-0000-0000-0000-000000000001', '00000000-0000-0000-0000-000000000000', 'STOCK',
        'Stock Fortune Companies');
INSERT INTO public.watchlist(id, user_id, name, description)
VALUES ('00000000-0000-0000-0000-000000000002', '00000000-0000-0000-0000-000000000000', 'MUTUAL_FUND',
        'MutualFunds Investment Companies');


INSERT INTO public.stock_price(id, price, stock_exchange, timestamp, stock_detail_id)
VALUES ('00000000-0000-0000-1000-000000000000', 100, 'BSE', '2020-01-21T05:47:08.644',
        '2ffedff5-70c5-45cd-9c35-b36c25d77361');

INSERT INTO public.mutual_fund_price(id, price, timestamp, mutual_fund_detail_id)
VALUES ('00000000-0000-0000-1100-000000000000', 100, 'Wed Mar 27 08:22:02 IST 2015',
        '51381618-1bc9-4c19-aab9-000000000001');


/** WatchlistEntry Data **/
INSERT INTO public.watchlist_entry(id, asset_detail_id, watchlist_id)
VALUES ('10000000-0000-0000-0000-000204200001', '51381618-1bc9-4c19-aab9-44994433b181',
        '00000000-0000-0000-0000-000000000001');

INSERT INTO public.watchlist_entry(id, asset_detail_id, watchlist_id)
VALUES ('10000000-0000-0000-0000-000204200002', '51381618-1bc9-4c19-aab9-44994433b182',
        '00000000-0000-0000-0000-000000000001');

INSERT INTO public.watchlist_entry(id, asset_detail_id, watchlist_id)
VALUES ('10000000-0000-0000-0000-000204200003', '51381618-1bc9-4c19-aab9-44994433b183',
        '00000000-0000-0000-0000-000000000001');

INSERT INTO public.watchlist_entry(id, asset_detail_id, watchlist_id)
VALUES ('10000000-0000-0000-0000-000204200004', '51381618-1bc9-4c19-aab9-44994433b184',
        '00000000-0000-0000-0000-000000000001');

INSERT INTO public.watchlist_entry(id, asset_detail_id, watchlist_id)
VALUES ('10000000-0000-0000-0000-000204200005', '51381618-1bc9-4c19-aab9-44994433b185',
        '00000000-0000-0000-0000-000000000002');

INSERT INTO public.watchlist_entry(id, asset_detail_id, watchlist_id)
VALUES ('10000000-0000-0000-0000-000204200016', '51381618-1bc9-4c19-aab9-44994433b186',
        '00000000-0000-0000-0000-000000000002');

INSERT INTO public.watchlist_entry(id, asset_detail_id, watchlist_id)
VALUES ('10000000-0000-0000-0000-000204200017', '51381618-1bc9-4c19-aab9-44994433b187',
        '00000000-0000-0000-0000-000000000002');

INSERT INTO public.watchlist_entry(id, asset_detail_id, watchlist_id)
VALUES ('10000000-0000-0000-0000-000214200018', '51381618-1bc9-4c19-aab9-44994433b188',
        '00000000-0000-0000-0000-000000000002');

INSERT INTO public.watchlist_entry(id, asset_detail_id, watchlist_id)
VALUES ('10000000-0000-0000-0000-000224200018', '51381618-1bc9-4c19-aab9-44994433b189',
        '00000000-0000-0000-0000-000000000002');

INSERT INTO public.watchlist_entry(id, asset_detail_id, watchlist_id)
VALUES ('10000000-0000-0000-0000-000234200018', '51381618-1bc9-4c19-aab9-44994433b190',
        '00000000-0000-0000-0000-000000000002');

INSERT INTO public.watchlist_entry(id, asset_detail_id, watchlist_id)
VALUES ('10040000-0000-0000-0000-000204200008', '51381618-1bc9-4c19-aab9-44994433b191',
        '00000000-0000-0000-0000-000000000002');

INSERT INTO public.watchlist_entry(id, asset_detail_id, watchlist_id)
VALUES ('10050000-0000-0000-0000-000204200008', '51381618-1bc9-4c19-aab9-44994433b192',
        '00000000-0000-0000-0000-000000000002');

INSERT INTO public.watchlist_entry(id, asset_detail_id, watchlist_id)
VALUES ('10060000-0000-0000-0010-000204200008', '51381618-1bc9-4c19-aab9-44994433b193',
        '00000000-0000-0000-0000-000000000002');

INSERT INTO public.watchlist_entry(id, asset_detail_id, watchlist_id)
VALUES ('10060000-0600-0000-0000-000204200008', '51381618-1bc9-4c19-aab9-44994433b194',
        '00000000-0000-0000-0000-000000000002');

INSERT INTO public.watchlist_entry(id, asset_detail_id, watchlist_id)
VALUES ('10060030-0000-0000-0000-000204200008', '51381618-1bc9-4c19-aab9-44994433b195',
        '00000000-0000-0000-0000-000000000002');

INSERT INTO public.watchlist_entry(id, asset_detail_id, watchlist_id)
VALUES ('10060020-0000-0000-0000-000204200008', '51381618-1bc9-4c19-aab9-44994433b196',
        '00000000-0000-0000-0000-000000000002');

INSERT INTO public.watchlist_entry(id, asset_detail_id, watchlist_id)
VALUES ('10060010-0000-0000-0000-000204200008', '51381618-1bc9-4c19-aab9-44994433b197',
        '00000000-0000-0000-0000-000000000002');

INSERT INTO public.watchlist_entry(id, asset_detail_id, watchlist_id)
VALUES ('10060040-0000-0000-0000-000204200008', '51381618-1bc9-4c19-aab9-44994433b198',
        '00000000-0000-0000-0000-000000000002');

INSERT INTO public.watchlist_entry(id, asset_detail_id, watchlist_id)
VALUES ('10060050-0000-0000-0000-000204200008', '51381618-1bc9-4c19-aab9-44994433b199',
        '00000000-0000-0000-0000-000000000002');

INSERT INTO public.watchlist_entry(id, asset_detail_id, watchlist_id)
VALUES ('10060000-0000-0000-0000-000204200008', '51381618-1bc9-4c19-aab9-44994433b200',
        '00000000-0000-0000-0000-000000000002');